{
  "benchmark": "vector-latency",
  "dataset_size": 100000,
  "dimensions": 384,
  "insert_ms": 187421,
  "insert_throughput_per_sec": 533.5581391626339,
  "rebuild_ms": 47718,
  "search": [
    {
      "top_k": 1,
      "queries": 1000,
      "mean_us": 623.7872000000009,
      "min_us": 471.40000000000003,
      "p50_us": 611.5,
      "p95_us": 733.3,
      "p99_us": 1141.4,
      "max_us": 1824.8999999999999,
      "qps": 1603.1108044538244
    },
    {
      "top_k": 10,
      "queries": 1000,
      "mean_us": 619.0415000000005,
      "min_us": 472.2,
      "p50_us": 607.8000000000001,
      "p95_us": 716.1999999999999,
      "p99_us": 1045.1,
      "max_us": 1589.8,
      "qps": 1615.400582998069
    },
    {
      "top_k": 100,
      "queries": 1000,
      "mean_us": 643.7409000000005,
      "min_us": 502.1,
      "p50_us": 632.7,
      "p95_us": 750.6,
      "p99_us": 1054.3,
      "max_us": 1705.9,
      "qps": 1553.4200172771364
    }
  ]
}
