{
  "benchmark": "vector-latency",
  "dataset_size": 100000,
  "dimensions": 384,
  "insert_ms": 403216,
  "insert_throughput_per_sec": 248.00603150668624,
  "rebuild_ms": 62426,
  "search": [
    {
      "top_k": 1,
      "queries": 1000,
      "mean_us": 665.8028999999991,
      "min_us": 522.8000000000001,
      "p50_us": 652.3,
      "p95_us": 782.1,
      "p99_us": 996.6,
      "max_us": 1857.2,
      "qps": 1501.9459963301472
    },
    {
      "top_k": 10,
      "queries": 1000,
      "mean_us": 660.9699000000002,
      "min_us": 506.20000000000005,
      "p50_us": 648.3,
      "p95_us": 781.3,
      "p99_us": 1112.1,
      "max_us": 1760.3,
      "qps": 1512.9281983945104
    },
    {
      "top_k": 100,
      "queries": 1000,
      "mean_us": 676.1879,
      "min_us": 512.6,
      "p50_us": 658.1999999999999,
      "p95_us": 809.5999999999999,
      "p99_us": 1097.3,
      "max_us": 1818.6999999999998,
      "qps": 1478.878873756836
    }
  ]
}
