{
  "benchmark": "vector-latency",
  "dataset_size": 100000,
  "dimensions": 384,
  "insert_ms": 179900,
  "insert_throughput_per_sec": 555.864369093941,
  "rebuild_ms": 49986,
  "search": [
    {
      "top_k": 1,
      "queries": 1000,
      "mean_us": 615.7865999999997,
      "min_us": 480.0,
      "p50_us": 604.7,
      "p95_us": 719.6999999999999,
      "p99_us": 877.0,
      "max_us": 1691.9,
      "qps": 1623.939202314569
    },
    {
      "top_k": 10,
      "queries": 1000,
      "mean_us": 598.8130999999997,
      "min_us": 462.9,
      "p50_us": 593.1,
      "p95_us": 696.3,
      "p99_us": 844.8000000000001,
      "max_us": 1233.0,
      "qps": 1669.9701459437017
    },
    {
      "top_k": 100,
      "queries": 1000,
      "mean_us": 611.0568999999995,
      "min_us": 485.9,
      "p50_us": 601.7,
      "p95_us": 707.8,
      "p99_us": 841.1999999999999,
      "max_us": 1402.0,
      "qps": 1636.5088095723997
    }
  ]
}
